{"hist": {"centers": [-0.04805, -0.04654, -0.04503, -0.04353, -0.04202, -0.04051, -0.039, -0.0375, -0.03599, -0.03448, -0.03297, -0.03147, -0.02996, -0.02845, -0.02694, -0.02544, -0.02393, -0.02242, -0.02091, -0.01941, -0.0179, -0.01639, -0.01488, -0.01338, -0.01187, -0.01036, -0.00885, -0.00735, -0.00584, -0.00433, -0.00282, -0.00132, 0.00019, 0.0017, 0.00321, 0.00471, 0.00622, 0.00773, 0.00924, 0.01074, 0.01225, 0.01376, 0.01527, 0.01677, 0.01828, 0.01979, 0.0213, 0.0228, 0.02431, 0.02582, 0.02733, 0.02883, 0.03034, 0.03185, 0.03336, 0.03486, 0.03637, 0.03788, 0.03939, 0.04089], "v5c": [24, 1, 4, 4, 5, 7, 8, 7, 11, 15, 14, 10, 9, 13, 19, 22, 28, 30, 27, 44, 48, 54, 75, 97, 99, 117, 156, 150, 204, 225, 272, 282, 332, 309, 326, 253, 239, 207, 139, 162, 124, 109, 103, 87, 74, 69, 49, 32, 41, 30, 27, 24, 15, 9, 8, 9, 12, 5, 2, 18], "v5": [44, 8, 9, 10, 6, 8, 9, 10, 15, 18, 21, 8, 10, 25, 31, 43, 29, 36, 34, 47, 54, 64, 88, 92, 102, 135, 122, 153, 197, 195, 236, 253, 285, 284, 251, 237, 215, 188, 153, 154, 128, 108, 109, 79, 82, 72, 62, 62, 36, 48, 39, 27, 41, 13, 15, 14, 14, 10, 14, 43], "spy": [18, 3, 1, 2, 0, 4, 8, 5, 11, 8, 5, 6, 13, 13, 17, 23, 22, 28, 28, 38, 48, 56, 70, 72, 89, 119, 146, 172, 215, 248, 308, 360, 362, 333, 326, 293, 226, 203, 193, 161, 114, 97, 82, 67, 63, 35, 31, 25, 21, 11, 11, 13, 8, 10, 7, 9, 2, 4, 3, 29]}, "var_cvar": [{"horizon": 1, "var95": 0.0208, "cvar95": 0.0322, "var99": 0.039, "cvar99": 0.0494}, {"horizon": 5, "var95": 0.0443, "cvar95": 0.0628, "var99": 0.0723, "cvar99": 0.0929}, {"horizon": 21, "var95": 0.0763, "cvar95": 0.1081, "var99": 0.1293, "cvar99": 0.1562}], "tail": {"semivar": 0.1484, "cvar95": 0.0322, "worst_day": -0.0735, "best_day": 0.056}, "regime_cond": {"Bull": {"days": 3739, "ann": 0.2523, "vol": 0.2274, "sharpe": 1.109, "sortino": 1.562}, "Contango": {"days": 969, "ann": 0.1185, "vol": 0.141, "sharpe": 0.841, "sortino": 1.23}, "Crisis": {"days": 187, "ann": 0.0215, "vol": 0.1272, "sharpe": 0.169, "sortino": 0.273}}, "spanning": {"alpha_ann": 0.086, "t_stat": 3.05, "r2": 0.606, "betas": {"ndx1": -0.162, "ndx3": 0.252, "mf": 0.705, "gld": -0.014, "tlt": 0.024}}, "dsr": {"dsr": 0.9999, "sharpe_ann": 1.034, "sr0_ann": 0.155, "n_trials": 1500}, "monthly": {"2007": {"1": 0.006, "2": -0.0176, "3": 0.0106, "4": 0.0084, "5": 0.0424, "6": -0.0285, "7": -0.0315, "8": 0.0164, "9": 0.005, "10": -0.007, "11": -0.0111, "12": 0.0357}, "2008": {"1": -0.0103, "2": 0.0141, "3": -0.0203, "4": 0.0139, "5": 0.0158, "6": -0.0184, "7": -0.0146, "8": 0.0726, "9": -0.0092, "10": 0.0263, "11": 0.1156, "12": 0.109}, "2009": {"1": -0.0572, "2": 0.0123, "3": 0.0042, "4": -0.0366, "5": -0.0073, "6": -0.0537, "7": 0.0324, "8": 0.0563, "9": 0.092, "10": -0.0403, "11": 0.0785, "12": 0.0337}, "2010": {"1": -0.0638, "2": 0.0908, "3": 0.112, "4": 0.0493, "5": -0.0873, "6": -0.0724, "7": 0.0462, "8": 0.0248, "9": 0.0276, "10": 0.0251, "11": 0.0079, "12": 0.1526}, "2011": {"1": 0.017, "2": 0.0643, "3": -0.0097, "4": 0.0368, "5": -0.022, "6": -0.0283, "7": -0.0425, "8": -0.0959, "9": 0.0005, "10": 0.0282, "11": 0.0381, "12": -0.0063}, "2012": {"1": 0.0056, "2": 0.0211, "3": 0.0569, "4": -0.0256, "5": -0.0796, "6": 0.0343, "7": 0.0143, "8": 0.0408, "9": 0.0253, "10": -0.0365, "11": 0.0125, "12": 0.0055}, "2013": {"1": 0.1381, "2": 0.0602, "3": 0.0944, "4": -0.0028, "5": 0.0561, "6": -0.0568, "7": 0.0731, "8": -0.1006, "9": -0.0081, "10": 0.1089, "11": 0.0491, "12": 0.0501}, "2014": {"1": -0.0814, "2": 0.0699, "3": 0.0174, "4": 0.0008, "5": 0.0621, "6": 0.0226, "7": -0.0219, "8": 0.1132, "9": -0.0253, "10": 0.1012, "11": 0.0655, "12": -0.0019}, "2015": {"1": 0.011, "2": 0.0199, "3": -0.0432, "4": -0.0225, "5": 0.0246, "6": -0.0569, "7": 0.0478, "8": -0.0673, "9": 0.0017, "10": 0.0345, "11": 0.0082, "12": -0.0122}, "2016": {"1": -0.0377, "2": 0.034, "3": 0.0001, "4": -0.0036, "5": 0.012, "6": 0.0514, "7": 0.0492, "8": -0.0016, "9": 0.0077, "10": 0.0103, "11": 0.0421, "12": 0.0679}, "2017": {"1": 0.0186, "2": 0.092, "3": -0.0084, "4": -0.0098, "5": 0.0309, "6": -0.0022, "7": 0.0311, "8": 0.0356, "9": -0.0061, "10": 0.0659, "11": 0.0483, "12": 0.0291}, "2018": {"1": 0.0624, "2": -0.079, "3": -0.0238, "4": 0.0122, "5": 0.0328, "6": 0.0156, "7": 0.076, "8": 0.0817, "9": 0.0035, "10": -0.1354, "11": 0.0072, "12": -0.0808}, "2019": {"1": 0.0374, "2": 0.0331, "3": 0.0632, "4": 0.0852, "5": -0.0938, "6": 0.1406, "7": 0.0767, "8": -0.0313, "9": 0.0081, "10": -0.0061, "11": 0.0719, "12": 0.044}, "2020": {"1": 0.0108, "2": -0.0699, "3": 0.0131, "4": 0.0169, "5": 0.0049, "6": -0.0033, "7": 0.012, "8": 0.1132, "9": -0.0467, "10": -0.0545, "11": 0.0935, "12": 0.0589}, "2021": {"1": -0.0218, "2": 0.0119, "3": 0.0893, "4": 0.1004, "5": -0.0062, "6": 0.0601, "7": 0.0402, "8": 0.0699, "9": -0.0817, "10": 0.1199, "11": 0.0261, "12": 0.0526}, "2022": {"1": -0.093, "2": -0.0017, "3": 0.0432, "4": 0.0076, "5": -0.0082, "6": -0.0014, "7": 0.0078, "8": 0.0494, "9": 0.041, "10": 0.0003, "11": -0.0642, "12": -0.0257}, "2023": {"1": 0.0032, "2": 0.0037, "3": -0.0001, "4": 0.0226, "5": 0.0083, "6": 0.1323, "7": 0.0498, "8": -0.0254, "9": -0.0623, "10": -0.0314, "11": 0.1225, "12": 0.0886}, "2024": {"1": 0.0371, "2": 0.1207, "3": 0.0906, "4": -0.0717, "5": 0.0865, "6": 0.0865, "7": -0.0035, "8": -0.0024, "9": 0.0179, "10": 0.0016, "11": 0.1466, "12": -0.0496}, "2025": {"1": 0.0536, "2": -0.0462, "3": -0.1069, "4": -0.0559, "5": 0.022, "6": 0.0674, "7": 0.0864, "8": 0.0238, "9": 0.1, "10": 0.0673, "11": -0.0025, "12": -0.0161}, "2026": {"1": 0.0164, "2": 0.024, "3": -0.1237, "4": 0.1096, "5": 0.1276, "6": -0.0227}}, "updated_utc": "2026-06-22T12:29:40.915341+00:00"}