{"hist": {"centers": [-0.04792, -0.04642, -0.04491, -0.04341, -0.0419, -0.0404, -0.03889, -0.03739, -0.03588, -0.03438, -0.03287, -0.03137, -0.02986, -0.02836, -0.02686, -0.02535, -0.02385, -0.02234, -0.02084, -0.01933, -0.01783, -0.01632, -0.01482, -0.01331, -0.01181, -0.0103, -0.0088, -0.00729, -0.00579, -0.00428, -0.00278, -0.00128, 0.00023, 0.00173, 0.00324, 0.00474, 0.00625, 0.00775, 0.00926, 0.01076, 0.01227, 0.01377, 0.01528, 0.01678, 0.01829, 0.01979, 0.0213, 0.0228, 0.0243, 0.02581, 0.02731, 0.02882, 0.03032, 0.03183, 0.03333, 0.03484, 0.03634, 0.03785, 0.03935, 0.04086], "v5c": [24, 1, 4, 5, 5, 8, 6, 11, 10, 13, 14, 9, 9, 13, 19, 23, 29, 30, 26, 45, 49, 54, 77, 96, 101, 119, 154, 156, 204, 226, 272, 288, 331, 311, 317, 259, 236, 205, 139, 161, 126, 109, 103, 87, 75, 67, 49, 33, 42, 30, 26, 24, 16, 9, 8, 9, 12, 5, 2, 18], "v5": [44, 9, 10, 8, 7, 8, 8, 11, 16, 18, 20, 9, 11, 23, 33, 41, 29, 37, 37, 44, 57, 65, 90, 87, 106, 132, 129, 155, 196, 194, 236, 256, 286, 283, 252, 238, 212, 186, 155, 153, 127, 109, 109, 80, 82, 72, 61, 63, 35, 49, 38, 27, 41, 15, 15, 13, 15, 10, 13, 44], "spy": [19, 2, 1, 2, 1, 3, 8, 5, 13, 7, 5, 5, 15, 11, 20, 20, 24, 28, 29, 39, 46, 57, 72, 68, 91, 124, 145, 177, 214, 249, 313, 360, 357, 335, 327, 292, 226, 208, 191, 158, 115, 96, 82, 67, 63, 35, 31, 25, 20, 12, 11, 13, 8, 10, 7, 9, 2, 4, 3, 29]}, "var_cvar": [{"horizon": 1, "var95": 0.0208, "cvar95": 0.0321, "var99": 0.039, "cvar99": 0.0492}, {"horizon": 5, "var95": 0.0443, "cvar95": 0.0628, "var99": 0.0722, "cvar99": 0.0925}, {"horizon": 21, "var95": 0.0762, "cvar95": 0.108, "var99": 0.1291, "cvar99": 0.1562}], "tail": {"semivar": 0.1483, "cvar95": 0.0321, "worst_day": -0.0735, "best_day": 0.056}, "regime_cond": {"Bull": {"days": 3753, "ann": 0.2518, "vol": 0.2273, "sharpe": 1.108, "sortino": 1.56}, "Contango": {"days": 969, "ann": 0.1185, "vol": 0.141, "sharpe": 0.841, "sortino": 1.23}, "Crisis": {"days": 187, "ann": 0.0215, "vol": 0.1272, "sharpe": 0.169, "sortino": 0.273}}, "spanning": {"alpha_ann": 0.0863, "t_stat": 3.07, "r2": 0.607, "betas": {"ndx1": -0.164, "ndx3": 0.253, "mf": 0.706, "gld": -0.014, "tlt": 0.024}}, "dsr": {"dsr": 0.9999, "sharpe_ann": 1.033, "sr0_ann": 0.155, "n_trials": 1500}, "monthly": {"2007": {"1": 0.006, "2": -0.0176, "3": 0.0106, "4": 0.0084, "5": 0.0424, "6": -0.0285, "7": -0.0315, "8": 0.0164, "9": 0.005, "10": -0.007, "11": -0.0111, "12": 0.0358}, "2008": {"1": -0.0103, "2": 0.0141, "3": -0.0203, "4": 0.0139, "5": 0.0158, "6": -0.0184, "7": -0.0146, "8": 0.0726, "9": -0.0092, "10": 0.0263, "11": 0.1156, "12": 0.109}, "2009": {"1": -0.0572, "2": 0.0123, "3": 0.0042, "4": -0.0366, "5": -0.0073, "6": -0.0537, "7": 0.0324, "8": 0.0563, "9": 0.092, "10": -0.0403, "11": 0.0784, "12": 0.0337}, "2010": {"1": -0.0638, "2": 0.0908, "3": 0.112, "4": 0.0493, "5": -0.0873, "6": -0.0724, "7": 0.0462, "8": 0.0248, "9": 0.0276, "10": 0.0251, "11": 0.0079, "12": 0.1526}, "2011": {"1": 0.017, "2": 0.0643, "3": -0.0096, "4": 0.0368, "5": -0.022, "6": -0.0283, "7": -0.0425, "8": -0.0959, "9": 0.0005, "10": 0.0282, "11": 0.0381, "12": -0.0063}, "2012": {"1": 0.0056, "2": 0.0211, "3": 0.0569, "4": -0.0256, "5": -0.0796, "6": 0.0343, "7": 0.0143, "8": 0.0408, "9": 0.0253, "10": -0.0365, "11": 0.0125, "12": 0.0055}, "2013": {"1": 0.1381, "2": 0.0602, "3": 0.0944, "4": -0.0028, "5": 0.0561, "6": -0.0568, "7": 0.0731, "8": -0.1006, "9": -0.0081, "10": 0.1089, "11": 0.0491, "12": 0.0501}, "2014": {"1": -0.0814, "2": 0.0699, "3": 0.0174, "4": 0.0008, "5": 0.0621, "6": 0.0226, "7": -0.0219, "8": 0.1132, "9": -0.0253, "10": 0.1012, "11": 0.0655, "12": -0.0019}, "2015": {"1": 0.011, "2": 0.0199, "3": -0.0432, "4": -0.0225, "5": 0.0246, "6": -0.0569, "7": 0.0478, "8": -0.0673, "9": 0.0017, "10": 0.0345, "11": 0.0082, "12": -0.0122}, "2016": {"1": -0.0377, "2": 0.034, "3": 0.0001, "4": -0.0036, "5": 0.012, "6": 0.0514, "7": 0.0492, "8": -0.0016, "9": 0.0077, "10": 0.0103, "11": 0.0421, "12": 0.0679}, "2017": {"1": 0.0186, "2": 0.092, "3": -0.0084, "4": -0.0098, "5": 0.0309, "6": -0.0022, "7": 0.0311, "8": 0.0356, "9": -0.0061, "10": 0.0659, "11": 0.0483, "12": 0.0291}, "2018": {"1": 0.0624, "2": -0.079, "3": -0.0238, "4": 0.0122, "5": 0.0328, "6": 0.0156, "7": 0.076, "8": 0.0817, "9": 0.0035, "10": -0.1354, "11": 0.0072, "12": -0.0808}, "2019": {"1": 0.0374, "2": 0.0331, "3": 0.0632, "4": 0.0852, "5": -0.0938, "6": 0.1406, "7": 0.0767, "8": -0.0314, "9": 0.0081, "10": -0.0061, "11": 0.0719, "12": 0.044}, "2020": {"1": 0.0108, "2": -0.0699, "3": 0.0131, "4": 0.0169, "5": 0.0049, "6": -0.0033, "7": 0.012, "8": 0.1132, "9": -0.0467, "10": -0.0545, "11": 0.0935, "12": 0.0589}, "2021": {"1": -0.0218, "2": 0.0119, "3": 0.0893, "4": 0.1004, "5": -0.0062, "6": 0.0601, "7": 0.0402, "8": 0.0699, "9": -0.0817, "10": 0.1199, "11": 0.0261, "12": 0.0526}, "2022": {"1": -0.093, "2": -0.0017, "3": 0.0432, "4": 0.0076, "5": -0.0082, "6": -0.0014, "7": 0.0078, "8": 0.0494, "9": 0.041, "10": 0.0003, "11": -0.0642, "12": -0.0257}, "2023": {"1": 0.0032, "2": 0.0037, "3": -0.0001, "4": 0.0226, "5": 0.0083, "6": 0.1323, "7": 0.0498, "8": -0.0254, "9": -0.0623, "10": -0.0314, "11": 0.1225, "12": 0.0886}, "2024": {"1": 0.037, "2": 0.1207, "3": 0.0906, "4": -0.0717, "5": 0.0865, "6": 0.0865, "7": -0.0035, "8": -0.0024, "9": 0.0179, "10": 0.0016, "11": 0.1466, "12": -0.0496}, "2025": {"1": 0.0536, "2": -0.0462, "3": -0.1069, "4": -0.0559, "5": 0.022, "6": 0.0674, "7": 0.0864, "8": 0.0238, "9": 0.1, "10": 0.0673, "11": -0.0025, "12": -0.0161}, "2026": {"1": 0.0164, "2": 0.024, "3": -0.1237, "4": 0.1096, "5": 0.1276, "6": -0.0266, "7": 0.0098}}, "updated_utc": "2026-07-13T09:50:47.442201+00:00"}