{"hist": {"centers": [-0.04785, -0.04635, -0.04484, -0.04334, -0.04184, -0.04033, -0.03883, -0.03733, -0.03582, -0.03432, -0.03282, -0.03131, -0.02981, -0.02831, -0.0268, -0.0253, -0.0238, -0.0223, -0.02079, -0.01929, -0.01779, -0.01628, -0.01478, -0.01328, -0.01177, -0.01027, -0.00877, -0.00726, -0.00576, -0.00426, -0.00276, -0.00125, 0.00025, 0.00175, 0.00326, 0.00476, 0.00626, 0.00777, 0.00927, 0.01077, 0.01228, 0.01378, 0.01528, 0.01679, 0.01829, 0.01979, 0.02129, 0.0228, 0.0243, 0.0258, 0.02731, 0.02881, 0.03031, 0.03182, 0.03332, 0.03482, 0.03633, 0.03783, 0.03933, 0.04083], "v5c": [24, 1, 4, 5, 5, 10, 4, 11, 10, 13, 15, 8, 9, 14, 19, 22, 29, 32, 25, 44, 51, 56, 74, 96, 103, 120, 152, 159, 211, 221, 271, 291, 335, 309, 317, 255, 237, 205, 139, 161, 125, 110, 102, 88, 74, 67, 50, 33, 42, 30, 26, 24, 16, 9, 8, 9, 12, 5, 2, 18], "v5": [44, 9, 10, 8, 7, 8, 8, 12, 15, 19, 19, 9, 11, 25, 32, 42, 29, 35, 39, 45, 58, 64, 88, 88, 110, 129, 127, 158, 196, 196, 237, 257, 290, 283, 248, 241, 211, 184, 155, 154, 127, 107, 110, 80, 81, 72, 61, 63, 36, 49, 38, 27, 40, 14, 17, 13, 15, 10, 13, 44], "spy": [19, 2, 1, 2, 1, 3, 8, 5, 13, 7, 5, 6, 14, 11, 20, 20, 26, 28, 27, 41, 44, 58, 74, 68, 91, 124, 148, 178, 214, 249, 318, 359, 355, 337, 326, 291, 225, 209, 189, 159, 115, 96, 83, 66, 63, 35, 31, 25, 20, 12, 11, 13, 8, 10, 7, 9, 2, 4, 3, 29]}, "var_cvar": [{"horizon": 1, "var95": 0.0208, "cvar95": 0.0321, "var99": 0.039, "cvar99": 0.0492}, {"horizon": 5, "var95": 0.0443, "cvar95": 0.0628, "var99": 0.0722, "cvar99": 0.0925}, {"horizon": 21, "var95": 0.0762, "cvar95": 0.108, "var99": 0.129, "cvar99": 0.1562}], "tail": {"semivar": 0.1482, "cvar95": 0.0321, "worst_day": -0.0735, "best_day": 0.056}, "regime_cond": {"Bull": {"days": 3761, "ann": 0.2506, "vol": 0.2272, "sharpe": 1.103, "sortino": 1.553}, "Contango": {"days": 969, "ann": 0.1185, "vol": 0.141, "sharpe": 0.841, "sortino": 1.23}, "Crisis": {"days": 187, "ann": 0.0215, "vol": 0.1272, "sharpe": 0.169, "sortino": 0.273}}, "spanning": {"alpha_ann": 0.085, "t_stat": 3.03, "r2": 0.607, "betas": {"ndx1": -0.165, "ndx3": 0.253, "mf": 0.705, "gld": -0.013, "tlt": 0.024}}, "dsr": {"dsr": 0.9999, "sharpe_ann": 1.029, "sr0_ann": 0.154, "n_trials": 1500}, "monthly": {"2007": {"1": 0.006, "2": -0.0176, "3": 0.0106, "4": 0.0084, "5": 0.0424, "6": -0.0285, "7": -0.0315, "8": 0.0164, "9": 0.005, "10": -0.007, "11": -0.0111, "12": 0.0358}, "2008": {"1": -0.0103, "2": 0.0141, "3": -0.0203, "4": 0.0139, "5": 0.0158, "6": -0.0184, "7": -0.0146, "8": 0.0726, "9": -0.0092, "10": 0.0263, "11": 0.1156, "12": 0.109}, "2009": {"1": -0.0572, "2": 0.0123, "3": 0.0042, "4": -0.0366, "5": -0.0073, "6": -0.0537, "7": 0.0324, "8": 0.0563, "9": 0.092, "10": -0.0403, "11": 0.0785, "12": 0.0337}, "2010": {"1": -0.0638, "2": 0.0908, "3": 0.112, "4": 0.0493, "5": -0.0873, "6": -0.0724, "7": 0.0462, "8": 0.0248, "9": 0.0276, "10": 0.0251, "11": 0.0079, "12": 0.1526}, "2011": {"1": 0.017, "2": 0.0643, "3": -0.0096, "4": 0.0368, "5": -0.022, "6": -0.0283, "7": -0.0425, "8": -0.0959, "9": 0.0005, "10": 0.0282, "11": 0.0381, "12": -0.0063}, "2012": {"1": 0.0056, "2": 0.0211, "3": 0.0569, "4": -0.0256, "5": -0.0796, "6": 0.0343, "7": 0.0143, "8": 0.0408, "9": 0.0253, "10": -0.0365, "11": 0.0125, "12": 0.0055}, "2013": {"1": 0.1381, "2": 0.0602, "3": 0.0944, "4": -0.0028, "5": 0.0561, "6": -0.0568, "7": 0.0731, "8": -0.1006, "9": -0.0081, "10": 0.1089, "11": 0.0491, "12": 0.0501}, "2014": {"1": -0.0814, "2": 0.0699, "3": 0.0174, "4": 0.0008, "5": 0.0621, "6": 0.0226, "7": -0.0219, "8": 0.1132, "9": -0.0253, "10": 0.1012, "11": 0.0655, "12": -0.0019}, "2015": {"1": 0.011, "2": 0.0199, "3": -0.0432, "4": -0.0225, "5": 0.0246, "6": -0.0569, "7": 0.0478, "8": -0.0673, "9": 0.0017, "10": 0.0345, "11": 0.0082, "12": -0.0122}, "2016": {"1": -0.0377, "2": 0.034, "3": 0.0001, "4": -0.0036, "5": 0.012, "6": 0.0514, "7": 0.0492, "8": -0.0016, "9": 0.0077, "10": 0.0103, "11": 0.0421, "12": 0.0679}, "2017": {"1": 0.0186, "2": 0.092, "3": -0.0084, "4": -0.0098, "5": 0.0309, "6": -0.0022, "7": 0.0311, "8": 0.0356, "9": -0.0061, "10": 0.0659, "11": 0.0483, "12": 0.0291}, "2018": {"1": 0.0624, "2": -0.079, "3": -0.0238, "4": 0.0122, "5": 0.0328, "6": 0.0156, "7": 0.076, "8": 0.0817, "9": 0.0035, "10": -0.1354, "11": 0.0072, "12": -0.0808}, "2019": {"1": 0.0374, "2": 0.0331, "3": 0.0632, "4": 0.0852, "5": -0.0938, "6": 0.1406, "7": 0.0767, "8": -0.0313, "9": 0.0081, "10": -0.0061, "11": 0.0719, "12": 0.044}, "2020": {"1": 0.0108, "2": -0.0699, "3": 0.0131, "4": 0.0169, "5": 0.0049, "6": -0.0033, "7": 0.012, "8": 0.1132, "9": -0.0467, "10": -0.0545, "11": 0.0935, "12": 0.0589}, "2021": {"1": -0.0218, "2": 0.0119, "3": 0.0893, "4": 0.1004, "5": -0.0062, "6": 0.0601, "7": 0.0402, "8": 0.0699, "9": -0.0817, "10": 0.1199, "11": 0.0261, "12": 0.0526}, "2022": {"1": -0.093, "2": -0.0017, "3": 0.0432, "4": 0.0076, "5": -0.0082, "6": -0.0014, "7": 0.0078, "8": 0.0494, "9": 0.041, "10": 0.0003, "11": -0.0642, "12": -0.0257}, "2023": {"1": 0.0032, "2": 0.0037, "3": -0.0001, "4": 0.0226, "5": 0.0083, "6": 0.1323, "7": 0.0498, "8": -0.0254, "9": -0.0623, "10": -0.0314, "11": 0.1225, "12": 0.0886}, "2024": {"1": 0.0371, "2": 0.1207, "3": 0.0906, "4": -0.0717, "5": 0.0865, "6": 0.0865, "7": -0.0035, "8": -0.0024, "9": 0.0179, "10": 0.0016, "11": 0.1466, "12": -0.0496}, "2025": {"1": 0.0536, "2": -0.0462, "3": -0.1069, "4": -0.0559, "5": 0.022, "6": 0.0674, "7": 0.0864, "8": 0.0238, "9": 0.1, "10": 0.0673, "11": -0.0025, "12": -0.0161}, "2026": {"1": 0.0164, "2": 0.024, "3": -0.1237, "4": 0.1096, "5": 0.1276, "6": -0.0266, "7": -0.001}}, "updated_utc": "2026-07-22T22:32:07.361975+00:00"}